Workbook

Sheet Raw_Reviews
A1: Review ID | B1: User Name | C1: Rating | D1: Review Text | E1: App Version | F1: Review Date | G1: Review Month | H1: Sentiment Score | I1: Sentiment Label | J1: Issue Category | K1: Thumbs Up | L1: Has Dev Reply | M1: Post-Release Window
A2: rv_004414 | B2: kingjoseph | C2: 5 | D2: Really convenient for paying bills every month. | E2: 4.1.0 | F2: 45663.076 | G2: 2025-01 | H2: 0 | I2: neutral | J2: none | K2: 5 | L2: 0 | M2: 1
A3: rv_000413 | B3: vortiz | C3: 4 | D3: Works fine most of the time. | E3: 4.1.0 | F3: 45663.212 | G3: 2025-01 | H3: 0.2023 | I3: positive | J3: none | K3: 7 | L3: 0 | M3: 1
A4: rv_004141 | B4: hrangel | C4: 5 | D4: Best banking app I've used, very reliable. Customer support fixed my issue quickly, thanks! | E4: 4.1.0 | F4: 45663.346 | G4: 2025-01 | H4: 0.8848 | I4: positive | J4: none | K4: 0 | L4: 0 | M4: 1
A5: rv_001319 | B5: qpearson | C5: 5 | D5: Best banking app I've used, very reliable. Really convenient for paying bills every month. | E5: 4.1.0 | F5: 45663.394 | G5: 2025-01 | H5: 0.6369 | I5: positive | J5: none | K5: 1 | L5: 0 | M5: 1
A6: rv_002457 | B6: kevinoneal | C6: 2 | D6: Why did they change the whole layout, it was fine before. | E6: 4.1.0 | F6: 45663.405 | G6: 2025-01 | H6: 0.2023 | I6: positive | J6: ui | K6: 1 | L6: 0 | M6: 1
A7: rv_001083 | B7: lawrencebrown | C7: 3 | D7: Good enough for basic transactions. | E7: 4.1.0 | F7: 45663.419 | G7: 2025-01 | H7: 0.4404 | I7: positive | J7: payment | K7: 3 | L7: 0 | M7: 1
A8: rv_003318 | B8: owallace | C8: 5 | D8: Clean design and works exactly as expected. | E8: 4.1.0 | F8: 45663.457 | G8: 2025-01 | H8: 0.4019 | I8: positive | J8: ui | K8: 0 | L8: 1 | M8: 1
A9: rv_002797 | B9: vshaw | C9: 4 | D9: Good enough for basic transactions. | E9: 4.1.0 | F9: 45663.733 | G9: 2025-01 | H9: 0.4404 | I9: positive | J9: payment | K9: 0 | L9: 0 | M9: 1
A10: rv_000013 | B10: janetwilliams | C10: 4 | D10: Really convenient for paying bills every month. | E10: 4.1.0 | F10: 45663.806 | G10: 2025-01 | H10: 0 | I10: neutral | J10: none | K10: 19 | L10: 0 | M10: 1
A11: rv_000531 | B11: matthewthomas | C11: 5 | D11: Smooth experience, no complaints at all. | E11: 4.1.0 | F11: 45663.941 | G11: 2025-01 | H11: 0.3089 | I11: positive | J11: none | K11: 7 | L11: 0 | M11: 1
A12: rv_004347 | B12: matthew53 | C12: 4 | D12: Really convenient for paying bills every month. | E12: 4.1.0 | F12: 45663.966 | G12: 2025-01 | H12: 0 | I12: neutral | J12: none | K12: 7 | L12: 0 | M12: 1
A13: rv_001735 | B13: chloe58 | C13: 5 | D13: Best banking app I've used, very reliable. | E13: 4.1.0 | F13: 45664.049 | G13: 2025-01 | H13: 0.6369 | I13: positive | J13: none | K13: 1 | L13: 0 | M13: 1
... A5911: rv_002750 | B5911: stacey62 | C5911: 3 | D5911: Works fine most of the time. | E5911: 5.0.0 | F5911: 46233.8 | G5911: 2026-07 | H5911: 0.2023 | I5911: positive | J5911: none | K5911: 5 | L5911: 0 | M5911: 0

Sheet Version_Summary
A1: Product Health by App Version
A3: App Version | B3: Release Date | C3: Review Count | D3: Avg Rating | E3: Avg Sentiment | F3: Crash | G3: Login | H3: Payment | I3: UI | J3: Performance | K3: % Negative Reviews
A4: 4.1.0 | B4: 45663 | C4: =COUNTIF(Raw_Reviews!$E$2:$E$5911,A4) -> 444 | D4: =IFERROR(AVERAGEIF(Raw_Reviews!$E$2:$E$5911,A4,Raw_Reviews!$C$2:$C$5911),0) -> 3.9076577 | E4: =IFERROR(AVERAGEIF(Raw_Reviews!$E$2:$E$5911,A4,Raw_Reviews!$H$2:$H$5911),0) -> 0.38031441 | F4: =COUNTIFS(Raw_Reviews!$E$2:$E$5911,A4,Raw_Reviews!$J$2:$J$5911,"crash") -> 18 | G4: =COUNTIFS(Raw_Reviews!$E$2:$E$5911,A4,Raw_Reviews!$J$2:$J$5911,"login") -> 13 | H4: =COUNTIFS(Raw_Reviews!$E$2:$E$5911,A4,Raw_Reviews!$J$2:$J$5911,"payment") -> 129 | I4: =COUNTIFS(Raw_Reviews!$E$2:$E$5911,A4,Raw_Reviews!$J$2:$J$5911,"ui") -> 47 | J4: =COUNTIFS(Raw_Reviews!$E$2:$E$5911,A4,Raw_Reviews!$J$2:$J$5911,"performance") -> 11 | K4: =IFERROR(COUNTIFS(Raw_Reviews!$E$2:$E$5911,A4,Raw_Reviews!$I$2:$I$5911,"negative")/C4,0) -> 0.12837838
A5: 4.2.0 | B5: 45705 | C5: =COUNTIF(Raw_Reviews!$E$2:$E$5911,A5) -> 460 | D5: =IFERROR(AVERAGEIF(Raw_Reviews!$E$2:$E$5911,A5,Raw_Reviews!$C$2:$C$5911),0) -> 4.023913 | E5: =IFERROR(AVERAGEIF(Raw_Reviews!$E$2:$E$5911,A5,Raw_Reviews!$H$2:$H$5911),0) -> 0.38549913 | F5: =COUNTIFS(Raw_Reviews!$E$2:$E$5911,A5,Raw_Reviews!$J$2:$J$5911,"crash") -> 13 | G5: =COUNTIFS(Raw_Reviews!$E$2:$E$5911,A5,Raw_Reviews!$J$2:$J$5911,"login") -> 11 | H5: =COUNTIFS(Raw_Reviews!$E$2:$E$5911,A5,Raw_Reviews!$J$2:$J$5911,"payment") -> 118 | I5: =COUNTIFS(Raw_Reviews!$E$2:$E$5911,A5,Raw_Reviews!$J$2:$J$5911,"ui") -> 58 | J5: =COUNTIFS(Raw_Reviews!$E$2:$E$5911,A5,Raw_Reviews!$J$2:$J$5911,"performance") -> 11 | K5: =IFERROR(COUNTIFS(Raw_Reviews!$E$2:$E$5911,A5,Raw_Reviews!$I$2:$I$5911,"negative")/C5,0) -> 0.11956522
A6: 4.3.0 | B6: 45748 | C6: =COUNTIF(Raw_Reviews!$E$2:$E$5911,A6) -> 410 | D6: =IFERROR(AVERAGEIF(Raw_Reviews!$E$2:$E$5911,A6,Raw_Reviews!$C$2:$C$5911),0) -> 3.3121951 | E6: =IFERROR(AVERAGEIF(Raw_Reviews!$E$2:$E$5911,A6,Raw_Reviews!$H$2:$H$5911),0) -> 0.18357927 | F6: =COUNTIFS(Raw_Reviews!$E$2:$E$5911,A6,Raw_Reviews!$J$2:$J$5911,"crash") -> 15 | G6: =COUNTIFS(Raw_Reviews!$E$2:$E$5911,A6,Raw_Reviews!$J$2:$J$5911,"login") -> 21 | H6: =COUNTIFS(Raw_Reviews!$E$2:$E$5911,A6,Raw_Reviews!$J$2:$J$5911,"payment") -> 133 | I6: =COUNTIFS(Raw_Reviews!$E$2:$E$5911,A6,Raw_Reviews!$J$2:$J$5911,"ui") -> 49 | J6: =COUNTIFS(Raw_Reviews!$E$2:$E$5911,A6,Raw_Reviews!$J$2:$J$5911,"performance") -> 17 | K6: =IFERROR(COUNTIFS(Raw_Reviews!$E$2:$E$5911,A6,Raw_Reviews!$I$2:$I$5911,"negative")/C6,0) -> 0.29268293
A7: 4.4.0 | B7: 45789 | C7: =COUNTIF(Raw_Reviews!$E$2:$E$5911,A7) -> 479 | D7: =IFERROR(AVERAGEIF(Raw_Reviews!$E$2:$E$5911,A7,Raw_Reviews!$C$2:$C$5911),0) -> 3.9373695 | E7: =IFERROR(AVERAGEIF(Raw_Reviews!$E$2:$E$5911,A7,Raw_Reviews!$H$2:$H$5911),0) -> 0.37697599 | F7: =COUNTIFS(Raw_Reviews!$E$2:$E$5911,A7,Raw_Reviews!$J$2:$J$5911,"crash") -> 19 | G7: =COUNTIFS(Raw_Reviews!$E$2:$E$5911,A7,Raw_Reviews!$J$2:$J$5911,"login") -> 10 | H7: =COUNTIFS(Raw_Reviews!$E$2:$E$5911,A7,Raw_Reviews!$J$2:$J$5911,"payment") -> 130 | I7: =COUNTIFS(Raw_Reviews!$E$2:$E$5911,A7,Raw_Reviews!$J$2:$J$5911,"ui") -> 63 | J7: =COUNTIFS(Raw_Reviews!$E$2:$E$5911,A7,Raw_Reviews!$J$2:$J$5911,"performance") -> 18 | K7: =IFERROR(COUNTIFS(Raw_Reviews!$E$2:$E$5911,A7,Raw_Reviews!$I$2:$I$5911,"negative")/C7,0) -> 0.13361169
A8: 4.5.0 | B8: 45831 | C8: =COUNTIF(Raw_Reviews!$E$2:$E$5911,A8) -> 150 | D8: =IFERROR(AVERAGEIF(Raw_Reviews!$E$2:$E$5911,A8,Raw_Reviews!$C$2:$C$5911),0) -> 2.64 | E8: =IFERROR(AVERAGEIF(Raw_Reviews!$E$2:$E$5911,A8,Raw_Reviews!$H$2:$H$5911),0) -> 0.087238 | F8: =COUNTIFS(Raw_Reviews!$E$2:$E$5911,A8,Raw_Reviews!$J$2:$J$5911,"crash") -> 43 | G8: =COUNTIFS(Raw_Reviews!$E$2:$E$5911,A8,Raw_Reviews!$J$2:$J$5911,"login") -> 29 | H8: =COUNTIFS(Raw_Reviews!$E$2:$E$5911,A8,Raw_Reviews!$J$2:$J$5911,"payment") -> 16 | I8: =COUNTIFS(Raw_Reviews!$E$2:$E$5911,A8,Raw_Reviews!$J$2:$J$5911,"ui") -> 13 | J8: =COUNTIFS(Raw_Reviews!$E$2:$E$5911,A8,Raw_Reviews!$J$2:$J$5911,"performance") -> 4 | K8: =IFERROR(COUNTIFS(Raw_Reviews!$E$2:$E$5911,A8,Raw_Reviews!$I$2:$I$5911,"negative")/C8,0) -> 0.25333333
A9: 4.5.1 | B9: 45845 | C9: =COUNTIF(Raw_Reviews!$E$2:$E$5911,A9) -> 396 | D9: =IFERROR(AVERAGEIF(Raw_Reviews!$E$2:$E$5911,A9,Raw_Reviews!$C$2:$C$5911),0) -> 3.9823232 | E9: =IFERROR(AVERAGEIF(Raw_Reviews!$E$2:$E$5911,A9,Raw_Reviews!$H$2:$H$5911),0) -> 0.39135657 | F9: =COUNTIFS(Raw_Reviews!$E$2:$E$5911,A9,Raw_Reviews!$J$2:$J$5911,"crash") -> 14 | G9: =COUNTIFS(Raw_Reviews!$E$2:$E$5911,A9,Raw_Reviews!$J$2:$J$5911,"login") -> 9 | H9: =COUNTIFS(Raw_Reviews!$E$2:$E$5911,A9,Raw_Reviews!$J$2:$J$5911,"payment") -> 107 | I9: =COUNTIFS(Raw_Reviews!$E$2:$E$5911,A9,Raw_Reviews!$J$2:$J$5911,"ui") -> 53 | J9: =COUNTIFS(Raw_Reviews!$E$2:$E$5911,A9,Raw_Reviews!$J$2:$J$5911,"performance") -> 11 | K9: =IFERROR(COUNTIFS(Raw_Reviews!$E$2:$E$5911,A9,Raw_Reviews!$I$2:$I$5911,"negative")/C9,0) -> 0.10858586
A10: 4.6.0 | B10: 45887 | C10: =COUNTIF(Raw_Reviews!$E$2:$E$5911,A10) -> 430 | D10: =IFERROR(AVERAGEIF(Raw_Reviews!$E$2:$E$5911,A10,Raw_Reviews!$C$2:$C$5911),0) -> 3.9627907 | E10: =IFERROR(AVERAGEIF(Raw_Reviews!$E$2:$E$5911,A10,Raw_Reviews!$H$2:$H$5911),0) -> 0.36521256 | F10: =COUNTIFS(Raw_Reviews!$E$2:$E$5911,A10,Raw_Reviews!$J$2:$J$5911,"crash") -> 14 | G10: =COUNTIFS(Raw_Reviews!$E$2:$E$5911,A10,Raw_Reviews!$J$2:$J$5911,"login") -> 16 | H10: =COUNTIFS(Raw_Reviews!$E$2:$E$5911,A10,Raw_Reviews!$J$2:$J$5911,"payment") -> 110 | I10: =COUNTIFS(Raw_Reviews!$E$2:$E$5911,A10,Raw_Reviews!$J$2:$J$5911,"ui") -> 61 | J10: =COUNTIFS(Raw_Reviews!$E$2:$E$5911,A10,Raw_Reviews!$J$2:$J$5911,"performance") -> 10 | K10: =IFERROR(COUNTIFS(Raw_Reviews!$E$2:$E$5911,A10,Raw_Reviews!$I$2:$I$5911,"negative")/C10,0) -> 0.14418605
A11: 4.7.0 | B11: 45931 | C11: =COUNTIF(Raw_Reviews!$E$2:$E$5911,A11) -> 427 | D11: =IFERROR(AVERAGEIF(Raw_Reviews!$E$2:$E$5911,A11,Raw_Reviews!$C$2:$C$5911),0) -> 3.9320843 | E11: =IFERROR(AVERAGEIF(Raw_Reviews!$E$2:$E$5911,A11,Raw_Reviews!$H$2:$H$5911),0) -> 0.35114286 | F11: =COUNTIFS(Raw_Reviews!$E$2:$E$5911,A11,Raw_Reviews!$J$2:$J$5911,"crash") -> 16 | G11: =COUNTIFS(Raw_Reviews!$E$2:$E$5911,A11,Raw_Reviews!$J$2:$J$5911,"login") -> 15 | H11: =COUNTIFS(Raw_Reviews!$E$2:$E$5911,A11,Raw_Reviews!$J$2:$J$5911,"payment") -> 114 | I11: =COUNTIFS(Raw_Reviews!$E$2:$E$5911,A11,Raw_Reviews!$J$2:$J$5911,"ui") -> 64 | J11: =COUNTIFS(Raw_Reviews!$E$2:$E$5911,A11,Raw_Reviews!$J$2:$J$5911,"performance") -> 10 | K11: =IFERROR(COUNTIFS(Raw_Reviews!$E$2:$E$5911,A11,Raw_Reviews!$I$2:$I$5911,"negative")/C11,0) -> 0.1381733
A12: 4.8.0 | B12: 45973 | C12: =COUNTIF(Raw_Reviews!$E$2:$E$5911,A12) -> 431 | D12: =IFERROR(AVERAGEIF(Raw_Reviews!$E$2:$E$5911,A12,Raw_Reviews!$C$2:$C$5911),0) -> 3.4454756 | E12: =IFERROR(AVERAGEIF(Raw_Reviews!$E$2:$E$5911,A12,Raw_Reviews!$H$2:$H$5911),0) -> 0.25208121 | F12: =COUNTIFS(Raw_Reviews!$E$2:$E$5911,A12,Raw_Reviews!$J$2:$J$5911,"crash") -> 11 | G12: =COUNTIFS(Raw_Reviews!$E$2:$E$5911,A12,Raw_Reviews!$J$2:$J$5911,"login") -> 18 | H12: =COUNTIFS(Raw_Reviews!$E$2:$E$5911,A12,Raw_Reviews!$J$2:$J$5911,"payment") -> 100 | I12: =COUNTIFS(Raw_Reviews!$E$2:$E$5911,A12,Raw_Reviews!$J$2:$J$5911,"ui") -> 105 | J12: =COUNTIFS(Raw_Reviews!$E$2:$E$5911,A12,Raw_Reviews!$J$2:$J$5911,"performance") -> 12 | K12: =IFERROR(COUNTIFS(Raw_Reviews!$E$2:$E$5911,A12,Raw_Reviews!$I$2:$I$5911,"negative")/C12,0) -> 0.25058005
A13: 4.9.0 | B13: 46013 | C13: =COUNTIF(Raw_Reviews!$E$2:$E$5911,A13) -> 287 | D13: =IFERROR(AVERAGEIF(Raw_Reviews!$E$2:$E$5911,A13,Raw_Reviews!$C$2:$C$5911),0) -> 3.8362369 | E13: =IFERROR(AVERAGEIF(Raw_Reviews!$E$2:$E$5911,A13,Raw_Reviews!$H$2:$H$5911),0) -> 0.35246237 | F13: =COUNTIFS(Raw_Reviews!$E$2:$E$5911,A13,Raw_Reviews!$J$2:$J$5911,"crash") -> 10 | G13: =COUNTIFS(Raw_Reviews!$E$2:$E$5911,A13,Raw_Reviews!$J$2:$J$5911,"login") -> 12 | H13: =COUNTIFS(Raw_Reviews!$E$2:$E$5911,A13,Raw_Reviews!$J$2:$J$5911,"payment") -> 68 | I13: =COUNTIFS(Raw_Reviews!$E$2:$E$5911,A13,Raw_Reviews!$J$2:$J$5911,"ui") -> 39 | J13: =COUNTIFS(Raw_Reviews!$E$2:$E$5911,A13,Raw_Reviews!$J$2:$J$5911,"performance") -> 7 | K13: =IFERROR(COUNTIFS(Raw_Reviews!$E$2:$E$5911,A13,Raw_Reviews!$I$2:$I$5911,"negative")/C13,0) -> 0.14285714
A14: 5.0.0 | B14: 46042 | C14: =COUNTIF(Raw_Reviews!$E$2:$E$5911,A14) -> 1996 | D14: =IFERROR(AVERAGEIF(Raw_Reviews!$E$2:$E$5911,A14,Raw_Reviews!$C$2:$C$5911),0) -> 3.9228457 | E14: =IFERROR(AVERAGEIF(Raw_Reviews!$E$2:$E$5911,A14,Raw_Reviews!$H$2:$H$5911),0) -> 0.39026538 | F14: =COUNTIFS(Raw_Reviews!$E$2:$E$5911,A14,Raw_Reviews!$J$2:$J$5911,"crash") -> 70 | G14: =COUNTIFS(Raw_Reviews!$E$2:$E$5911,A14,Raw_Reviews!$J$2:$J$5911,"login") -> 71 | H14: =COUNTIFS(Raw_Reviews!$E$2:$E$5911,A14,Raw_Reviews!$J$2:$J$5911,"payment") -> 584 | I14: =COUNTIFS(Raw_Reviews!$E$2:$E$5911,A14,Raw_Reviews!$J$2:$J$5911,"ui") -> 236 | J14: =COUNTIFS(Raw_Reviews!$E$2:$E$5911,A14,Raw_Reviews!$J$2:$J$5911,"performance") -> 51 | K14: =IFERROR(COUNTIFS(Raw_Reviews!$E$2:$E$5911,A14,Raw_Reviews!$I$2:$I$5911,"negative")/C14,0) -> 0.12274549

Sheet Release_Impact
A1: Pre- vs Post-Release Impact (±14 days around each release)
A3: App Version | B3: Release Date | C3: Pre Count | D3: Pre Avg Rating | E3: Pre Avg Sentiment | F3: Post Count | G3: Post Avg Rating | H3: Post Avg Sentiment | I3: Rating Delta | J3: Sentiment Delta
A4: 4.1.0 | B4: 45663 | C4: =COUNTIFS(Raw_Reviews!$F$2:$F$5911,">="&(B4-14),Raw_Reviews!$F$2:$F$5911,"<"&B4) -> 0 | D4: =IFERROR(AVERAGEIFS(Raw_Reviews!$C$2:$C$5911,Raw_Reviews!$F$2:$F$5911,">="&(B4-14),Raw_Reviews!$F$2:$F$5911,"<"&B4),0) -> 0 | E4: =IFERROR(AVERAGEIFS(Raw_Reviews!$H$2:$H$5911,Raw_Reviews!$F$2:$F$5911,">="&(B4-14),Raw_Reviews!$F$2:$F$5911,"<"&B4),0) -> 0 | F4: =COUNTIFS(Raw_Reviews!$F$2:$F$5911,">="&B4,Raw_Reviews!$F$2:$F$5911,"<"&(B4+14)) -> 151 | G4: =IFERROR(AVERAGEIFS(Raw_Reviews!$C$2:$C$5911,Raw_Reviews!$F$2:$F$5911,">="&B4,Raw_Reviews!$F$2:$F$5911,"<"&(B4+14)),0) -> 3.9668874 | H4: =IFERROR(AVERAGEIFS(Raw_Reviews!$H$2:$H$5911,Raw_Reviews!$F$2:$F$5911,">="&B4,Raw_Reviews!$F$2:$F$5911,"<"&(B4+14)),0) -> 0.37301192 | I4: =G4-D4 -> 3.9668874 | J4: =H4-E4 -> 0.37301192
A5: 4.2.0 | B5: 45705 | C5: =COUNTIFS(Raw_Reviews!$F$2:$F$5911,">="&(B5-14),Raw_Reviews!$F$2:$F$5911,"<"&B5) -> 151 | D5: =IFERROR(AVERAGEIFS(Raw_Reviews!$C$2:$C$5911,Raw_Reviews!$F$2:$F$5911,">="&(B5-14),Raw_Reviews!$F$2:$F$5911,"<"&B5),0) -> 3.807947 | E5: =IFERROR(AVERAGEIFS(Raw_Reviews!$H$2:$H$5911,Raw_Reviews!$F$2:$F$5911,">="&(B5-14),Raw_Reviews!$F$2:$F$5911,"<"&B5),0) -> 0.38065828 | F5: =COUNTIFS(Raw_Reviews!$F$2:$F$5911,">="&B5,Raw_Reviews!$F$2:$F$5911,"<"&(B5+14)) -> 143 | G5: =IFERROR(AVERAGEIFS(Raw_Reviews!$C$2:$C$5911,Raw_Reviews!$F$2:$F$5911,">="&B5,Raw_Reviews!$F$2:$F$5911,"<"&(B5+14)),0) -> 3.993007 | H5: =IFERROR(AVERAGEIFS(Raw_Reviews!$H$2:$H$5911,Raw_Reviews!$F$2:$F$5911,">="&B5,Raw_Reviews!$F$2:$F$5911,"<"&(B5+14)),0) -> 0.37866923 | I5: =G5-D5 -> 0.18505997 | J5: =H5-E5 -> -0.0019890474
A6: 4.3.0 | B6: 45748 | C6: =COUNTIFS(Raw_Reviews!$F$2:$F$5911,">="&(B6-14),Raw_Reviews!$F$2:$F$5911,"<"&B6) -> 147 | D6: =IFERROR(AVERAGEIFS(Raw_Reviews!$C$2:$C$5911,Raw_Reviews!$F$2:$F$5911,">="&(B6-14),Raw_Reviews!$F$2:$F$5911,"<"&B6),0) -> 4.0340136 | E6: =IFERROR(AVERAGEIFS(Raw_Reviews!$H$2:$H$5911,Raw_Reviews!$F$2:$F$5911,">="&(B6-14),Raw_Reviews!$F$2:$F$5911,"<"&B6),0) -> 0.35785986 | F6: =COUNTIFS(Raw_Reviews!$F$2:$F$5911,">="&B6,Raw_Reviews!$F$2:$F$5911,"<"&(B6+14)) -> 142 | G6: =IFERROR(AVERAGEIFS(Raw_Reviews!$C$2:$C$5911,Raw_Reviews!$F$2:$F$5911,">="&B6,Raw_Reviews!$F$2:$F$5911,"<"&(B6+14)),0) -> 2.8661972 | H6: =IFERROR(AVERAGEIFS(Raw_Reviews!$H$2:$H$5911,Raw_Reviews!$F$2:$F$5911,">="&B6,Raw_Reviews!$F$2:$F$5911,"<"&(B6+14)),0) -> 0.059497887 | I6: =G6-D6 -> -1.1678164 | J6: =H6-E6 -> -0.29836198
A7: 4.4.0 | B7: 45789 | C7: =COUNTIFS(Raw_Reviews!$F$2:$F$5911,">="&(B7-14),Raw_Reviews!$F$2:$F$5911,"<"&B7) -> 139 | D7: =IFERROR(AVERAGEIFS(Raw_Reviews!$C$2:$C$5911,Raw_Reviews!$F$2:$F$5911,">="&(B7-14),Raw_Reviews!$F$2:$F$5911,"<"&B7),0) -> 3.7122302 | E7: =IFERROR(AVERAGEIFS(Raw_Reviews!$H$2:$H$5911,Raw_Reviews!$F$2:$F$5911,">="&(B7-14),Raw_Reviews!$F$2:$F$5911,"<"&B7),0) -> 0.33780504 | F7: =COUNTIFS(Raw_Reviews!$F$2:$F$5911,">="&B7,Raw_Reviews!$F$2:$F$5911,"<"&(B7+14)) -> 141 | G7: =IFERROR(AVERAGEIFS(Raw_Reviews!$C$2:$C$5911,Raw_Reviews!$F$2:$F$5911,">="&B7,Raw_Reviews!$F$2:$F$5911,"<"&(B7+14)),0) -> 3.9574468 | H7: =IFERROR(AVERAGEIFS(Raw_Reviews!$H$2:$H$5911,Raw_Reviews!$F$2:$F$5911,">="&B7,Raw_Reviews!$F$2:$F$5911,"<"&(B7+14)),0) -> 0.40470496 | I7: =G7-D7 -> 0.24521659 | J7: =H7-E7 -> 0.066899929
A8: 4.5.0 | B8: 45831 | C8: =COUNTIFS(Raw_Reviews!$F$2:$F$5911,">="&(B8-14),Raw_Reviews!$F$2:$F$5911,"<"&B8) -> 177 | D8: =IFERROR(AVERAGEIFS(Raw_Reviews!$C$2:$C$5911,Raw_Reviews!$F$2:$F$5911,">="&(B8-14),Raw_Reviews!$F$2:$F$5911,"<"&B8),0) -> 3.8870056 | E8: =IFERROR(AVERAGEIFS(Raw_Reviews!$H$2:$H$5911,Raw_Reviews!$F$2:$F$5911,">="&(B8-14),Raw_Reviews!$F$2:$F$5911,"<"&B8),0) -> 0.38203446 | F8: =COUNTIFS(Raw_Reviews!$F$2:$F$5911,">="&B8,Raw_Reviews!$F$2:$F$5911,"<"&(B8+14)) -> 150 | G8: =IFERROR(AVERAGEIFS(Raw_Reviews!$C$2:$C$5911,Raw_Reviews!$F$2:$F$5911,">="&B8,Raw_Reviews!$F$2:$F$5911,"<"&(B8+14)),0) -> 2.64 | H8: =IFERROR(AVERAGEIFS(Raw_Reviews!$H$2:$H$5911,Raw_Reviews!$F$2:$F$5911,">="&B8,Raw_Reviews!$F$2:$F$5911,"<"&(B8+14)),0) -> 0.087238 | I8: =G8-D8 -> -1.2470056 | J8: =H8-E8 -> -0.29479646
A9: 4.5.1 | B9: 45845 | C9: =COUNTIFS(Raw_Reviews!$F$2:$F$5911,">="&(B9-14),Raw_Reviews!$F$2:$F$5911,"<"&B9) -> 150 | D9: =IFERROR(AVERAGEIFS(Raw_Reviews!$C$2:$C$5911,Raw_Reviews!$F$2:$F$5911,">="&(B9-14),Raw_Reviews!$F$2:$F$5911,"<"&B9),0) -> 2.64 | E9: =IFERROR(AVERAGEIFS(Raw_Reviews!$H$2:$H$5911,Raw_Reviews!$F$2:$F$5911,">="&(B9-14),Raw_Reviews!$F$2:$F$5911,"<"&B9),0) -> 0.087238 | F9: =COUNTIFS(Raw_Reviews!$F$2:$F$5911,">="&B9,Raw_Reviews!$F$2:$F$5911,"<"&(B9+14)) -> 134 | G9: =IFERROR(AVERAGEIFS(Raw_Reviews!$C$2:$C$5911,Raw_Reviews!$F$2:$F$5911,">="&B9,Raw_Reviews!$F$2:$F$5911,"<"&(B9+14)),0) -> 4.0447761 | H9: =IFERROR(AVERAGEIFS(Raw_Reviews!$H$2:$H$5911,Raw_Reviews!$F$2:$F$5911,">="&B9,Raw_Reviews!$F$2:$F$5911,"<"&(B9+14)),0) -> 0.44240299 | I9: =G9-D9 -> 1.4047761 | J9: =H9-E9 -> 0.35516499
A10: 4.6.0 | B10: 45887 | C10: =COUNTIFS(Raw_Reviews!$F$2:$F$5911,">="&(B10-14),Raw_Reviews!$F$2:$F$5911,"<"&B10) -> 125 | D10: =IFERROR(AVERAGEIFS(Raw_Reviews!$C$2:$C$5911,Raw_Reviews!$F$2:$F$5911,">="&(B10-14),Raw_Reviews!$F$2:$F$5911,"<"&B10),0) -> 4.016 | E10: =IFERROR(AVERAGEIFS(Raw_Reviews!$H$2:$H$5911,Raw_Reviews!$F$2:$F$5911,">="&(B10-14),Raw_Reviews!$F$2:$F$5911,"<"&B10),0) -> 0.3695984 | F10: =COUNTIFS(Raw_Reviews!$F$2:$F$5911,">="&B10,Raw_Reviews!$F$2:$F$5911,"<"&(B10+14)) -> 149 | G10: =IFERROR(AVERAGEIFS(Raw_Reviews!$C$2:$C$5911,Raw_Reviews!$F$2:$F$5911,">="&B10,Raw_Reviews!$F$2:$F$5911,"<"&(B10+14)),0) -> 3.9395973 | H10: =IFERROR(AVERAGEIFS(Raw_Reviews!$H$2:$H$5911,Raw_Reviews!$F$2:$F$5911,">="&B10,Raw_Reviews!$F$2:$F$5911,"<"&(B10+14)),0) -> 0.35105034 | I10: =G10-D10 -> -0.076402685 | J10: =H10-E10 -> -0.018548064
A11: 4.7.0 | B11: 45931 | C11: =COUNTIFS(Raw_Reviews!$F$2:$F$5911,">="&(B11-14),Raw_Reviews!$F$2:$F$5911,"<"&B11) -> 112 | D11: =IFERROR(AVERAGEIFS(Raw_Reviews!$C$2:$C$5911,Raw_Reviews!$F$2:$F$5911,">="&(B11-14),Raw_Reviews!$F$2:$F$5911,"<"&B11),0) -> 4.0535714 | E11: =IFERROR(AVERAGEIFS(Raw_Reviews!$H$2:$H$5911,Raw_Reviews!$F$2:$F$5911,">="&(B11-14),Raw_Reviews!$F$2:$F$5911,"<"&B11),0) -> 0.39419732 | F11: =COUNTIFS(Raw_Reviews!$F$2:$F$5911,">="&B11,Raw_Reviews!$F$2:$F$5911,"<"&(B11+14)) -> 135 | G11: =IFERROR(AVERAGEIFS(Raw_Reviews!$C$2:$C$5911,Raw_Reviews!$F$2:$F$5911,">="&B11,Raw_Reviews!$F$2:$F$5911,"<"&(B11+14)),0) -> 4.037037 | H11: =IFERROR(AVERAGEIFS(Raw_Reviews!$H$2:$H$5911,Raw_Reviews!$F$2:$F$5911,">="&B11,Raw_Reviews!$F$2:$F$5911,"<"&(B11+14)),0) -> 0.36413037 | I11: =G11-D11 -> -0.016534392 | J11: =H11-E11 -> -0.030066951
A12: 4.8.0 | B12: 45973 | C12: =COUNTIFS(Raw_Reviews!$F$2:$F$5911,">="&(B12-14),Raw_Reviews!$F$2:$F$5911,"<"&B12) -> 146 | D12: =IFERROR(AVERAGEIFS(Raw_Reviews!$C$2:$C$5911,Raw_Reviews!$F$2:$F$5911,">="&(B12-14),Raw_Reviews!$F$2:$F$5911,"<"&B12),0) -> 3.9109589 | E12: =IFERROR(AVERAGEIFS(Raw_Reviews!$H$2:$H$5911,Raw_Reviews!$F$2:$F$5911,">="&(B12-14),Raw_Reviews!$F$2:$F$5911,"<"&B12),0) -> 0.33278973 | F12: =COUNTIFS(Raw_Reviews!$F$2:$F$5911,">="&B12,Raw_Reviews!$F$2:$F$5911,"<"&(B12+14)) -> 155 | G12: =IFERROR(AVERAGEIFS(Raw_Reviews!$C$2:$C$5911,Raw_Reviews!$F$2:$F$5911,">="&B12,Raw_Reviews!$F$2:$F$5911,"<"&(B12+14)),0) -> 3.0258065 | H12: =IFERROR(AVERAGEIFS(Raw_Reviews!$H$2:$H$5911,Raw_Reviews!$F$2:$F$5911,">="&B12,Raw_Reviews!$F$2:$F$5911,"<"&(B12+14)),0) -> 0.12150903 | I12: =G12-D12 -> -0.88515245 | J12: =H12-E12 -> -0.21128069
A13: 4.9.0 | B13: 46013 | C13: =COUNTIFS(Raw_Reviews!$F$2:$F$5911,">="&(B13-14),Raw_Reviews!$F$2:$F$5911,"<"&B13) -> 144 | D13: =IFERROR(AVERAGEIFS(Raw_Reviews!$C$2:$C$5911,Raw_Reviews!$F$2:$F$5911,">="&(B13-14),Raw_Reviews!$F$2:$F$5911,"<"&B13),0) -> 3.8958333 | E13: =IFERROR(AVERAGEIFS(Raw_Reviews!$H$2:$H$5911,Raw_Reviews!$F$2:$F$5911,">="&(B13-14),Raw_Reviews!$F$2:$F$5911,"<"&B13),0) -> 0.34688472 | F13: =COUNTIFS(Raw_Reviews!$F$2:$F$5911,">="&B13,Raw_Reviews!$F$2:$F$5911,"<"&(B13+14)) -> 126 | G13: =IFERROR(AVERAGEIFS(Raw_Reviews!$C$2:$C$5911,Raw_Reviews!$F$2:$F$5911,">="&B13,Raw_Reviews!$F$2:$F$5911,"<"&(B13+14)),0) -> 4.0873016 | H13: =IFERROR(AVERAGEIFS(Raw_Reviews!$H$2:$H$5911,Raw_Reviews!$F$2:$F$5911,">="&B13,Raw_Reviews!$F$2:$F$5911,"<"&(B13+14)),0) -> 0.39510556 | I13: =G13-D13 -> 0.19146825 | J13: =H13-E13 -> 0.048220833
A14: 5.0.0 | B14: 46042 | C14: =COUNTIFS(Raw_Reviews!$F$2:$F$5911,">="&(B14-14),Raw_Reviews!$F$2:$F$5911,"<"&B14) -> 150 | D14: =IFERROR(AVERAGEIFS(Raw_Reviews!$C$2:$C$5911,Raw_Reviews!$F$2:$F$5911,">="&(B14-14),Raw_Reviews!$F$2:$F$5911,"<"&B14),0) -> 3.6333333 | E14: =IFERROR(AVERAGEIFS(Raw_Reviews!$H$2:$H$5911,Raw_Reviews!$F$2:$F$5911,">="&(B14-14),Raw_Reviews!$F$2:$F$5911,"<"&B14),0) -> 0.31128133 | F14: =COUNTIFS(Raw_Reviews!$F$2:$F$5911,">="&B14,Raw_Reviews!$F$2:$F$5911,"<"&(B14+14)) -> 146 | G14: =IFERROR(AVERAGEIFS(Raw_Reviews!$C$2:$C$5911,Raw_Reviews!$F$2:$F$5911,">="&B14,Raw_Reviews!$F$2:$F$5911,"<"&(B14+14)),0) -> 3.8219178 | H14: =IFERROR(AVERAGEIFS(Raw_Reviews!$H$2:$H$5911,Raw_Reviews!$F$2:$F$5911,">="&B14,Raw_Reviews!$F$2:$F$5911,"<"&(B14+14)),0) -> 0.36657534 | I14: =G14-D14 -> 0.18858447 | J14: =H14-E14 -> 0.055294009

Sheet KPI_Dashboard
A1: PayFlow — Product Health KPI Summary
A3: Metric | B3: Value
A4: Total Reviews Analyzed | B4: =COUNTA(Raw_Reviews!$A$2:$A$5911) -> 5910
A5: Overall Avg Rating | B5: =AVERAGE(Raw_Reviews!$C$2:$C$5911) -> 3.8243655
A6: Overall Avg Sentiment Score | B6: =AVERAGE(Raw_Reviews!$H$2:$H$5911) -> 0.34955058
A7: % Negative Reviews | B7: =COUNTIF(Raw_Reviews!$I$2:$I$5911,"negative")/COUNTA(Raw_Reviews!$I$2:$I$5911) -> 0.15093063
A8: % Positive Reviews | B8: =COUNTIF(Raw_Reviews!$I$2:$I$5911,"positive")/COUNTA(Raw_Reviews!$I$2:$I$5911) -> 0.69204738
A9: Most Common Issue Category | B9: =INDEX(A14:A18,MATCH(MAX(B14:B18),B14:B18,0)) -> payment
A10: Version With Worst Rating Delta (Release Impact) | B10: =INDEX(Release_Impact!A4:A14,MATCH(MIN(Release_Impact!J4:J14),Release_Impact!J4:J14,0)) -> 4.3.0
A12: Issue Category Totals (helper)
A13: Category | B13: Count
A14: crash | B14: =COUNTIF(Raw_Reviews!$J$2:$J$5911,"crash") -> 243
A15: login | B15: =COUNTIF(Raw_Reviews!$J$2:$J$5911,"login") -> 225
A16: payment | B16: =COUNTIF(Raw_Reviews!$J$2:$J$5911,"payment") -> 1609
A17: ui | B17: =COUNTIF(Raw_Reviews!$J$2:$J$5911,"ui") -> 788
A18: performance | B18: =COUNTIF(Raw_Reviews!$J$2:$J$5911,"performance") -> 162
